ทักครับ,ทักทาย
ทัก,ทักทาย
ดีครับ,ทักทาย
ดีจ้า,ทักทาย
สวัสดี,ทักทาย
หวัดดีจ้ะ,ทักทาย
สวัสดีน้า,ทักทาย
ว่าไง,ทักทาย
สวีดัส,ทักทาย
สวัสดีจ้ะ,ทักทาย
Good Morning,ทักทาย
Hi,ทักทาย
สบายดีมั้ย,ทักทาย
อรุณสวัสดิ์,ทักทาย
สายัณห์สวัสดิ์,ทักทาย
เป็นไงบ้าง,ทักทาย
ไงคะ,ทักทาย
หวัดดี,ทักทาย
Hello,ทักทาย
สวัสดีค้าบบ,ทักทาย
ดี,ทักทาย
ไง,ทักทาย
สวัสดีสวีดัด,ทักทาย
งาย,ทักทาย
งัย,ทักทาย
กราบสวีดัด,ทักทาย
สวัสดี,ทักทาย
ไงบอท,ทักทาย
ฮาย,ทักทาย
ฮัลโล,ทักทาย
มีอะไรให้กู้บ้างครับ,ประเภทของกยศ
กยศมีกี่ประเภท,ประเภทของกยศ
ต้องการกู้เพื่อเรียน,ประเภทของกยศ
ต้องมีคุณสมบัติอะไรถึงกู้ได้,ประเภทของกยศ
ฉันกู้ได้ไหม,ประเภทของกยศ
รายได้น้อยกู้ได้ป่าว,ประเภทของกยศ
กู้อะไรดีนะ,ประเภทของกยศ
ปริญญาตีกู้อะไรได้บ้าง,ประเภทของกยศ
อายุเกิน30ปีกู้อันไหนได้บ้าง,ประเภทของกยศ
ถ้าเคยจบปริญญาตีแล้วอยากเรียนปริญญาตีสาขาอื่นกูได้ไหม,ประเภทของกยศ
เป็นบุคคลล่มละลายกู้ได้ป่าว,ประเภทของกยศ
เคยผิดนัดชำระหนี้กองทุนแต่ชำระหนี้หมดแล้วกูได้มั้ย,ประเภทของกยศ
มีสัญชาติไทยแล้วก็เรียนดีกูได้ใช่ไหมครับ,ประเภทของกยศ
มีประเภทไหนบ้างที่ต้องทำชั่วโมงจิตอาสา,ประเภทของกยศ
พึ่งขึ้นมัธยมปลายกู้ประเภทไหนได้บ้างคะ,ประเภทของกยศ
สอบถามเรื่องกู้หน่อยครับ,ประเภทของกยศ
ถ้าเคยโดยจับจำคุกยังพอกู้ได้มั้ย,ประเภทของกยศ
ขอรายละเอียดกยศหน่อย,ประเภทของกยศ
ปรึกษาเรื่องการกู้ได้มั้ยครับ,ประเภทของกยศ
แนะนำประเภทของกยศนะคะ,ประเภทของกยศ
กู้กยศ,ประเภทของกยศ
รายละเอียด,ประเภทของกยศ
ประเภท,ประเภทของกยศ
มีเเบบอะไรบ้าง,ประเภทของกยศ
เเบบการกู้,ประเภทของกยศ
ตัวอย่าง,ประเภทของกยศ
กู้อะไรได้บ้าง,ประเภทของกยศ
แบบกู้,ประเภทของกยศ
ประเภทมีไรบ้าง,ประเภทของกยศ
กู้ได้กี่แบบ,ประเภทของกยศ
มันมีข้อดีมั้ย,ข้อดีข้อเสียของการกู้มั้ย
ข้อดีมีอะไรบ้างหรอ,ข้อดีข้อเสียของการกู้มั้ย
ข้อเสียหล่ะมีอะไรบ้าง,ข้อดีข้อเสียของการกู้มั้ย
ข้อดีข้อเสีย,ข้อดีข้อเสียของการกู้มั้ย
ข้อดีข้องกยศ,ข้อดีข้อเสียของการกู้มั้ย
กยศมีข้อเสียหรือเปล่า,ข้อดีข้อเสียของการกู้มั้ย
การกู้มีข้อดีข้อเสียอย่างไร,ข้อดีข้อเสียของการกู้มั้ย
การกู้ยืมมีประโยชน์มั้ย,ข้อดีข้อเสียของการกู้มั้ย
ข้อดีข้อเสียมีไรบ้าง,ข้อดีข้อเสียของการกู้มั้ย
เเต่ละข้อดีข้อเสียของกยศ,ข้อดีข้อเสียของการกู้มั้ย
กยศมีไรดีบ้าง,ข้อดีข้อเสียของการกู้มั้ย
ขอข้อดีข้อเสียของกยศหน่อยว่ามีอะไรบ้าง,ข้อดีข้อเสียของการกู้มั้ย
ผลเสียผลดีมีอะไรบ้าง,ข้อดีข้อเสียของการกู้มั้ย
ผลดีของกยศหรือกรอ,ข้อดีข้อเสียของการกู้มั้ย
มีผลดีอย่างไรบ้าง,ข้อดีข้อเสียของการกู้มั้ย
ผลเสียมีมากกว่าผลดีหรือเปล่า,ข้อดีข้อเสียของการกู้มั้ย
ข้อดีมีมากกว่าข้อเสียมั้ย,ข้อดีข้อเสียของการกู้มั้ย
ประโยชน์ของการกู้,ข้อดีข้อเสียของการกู้มั้ย
ประโยชน์ของกยศ,ข้อดีข้อเสียของการกู้มั้ย
เปรียบเทียบข้อดีข้อเสีย,ข้อดีข้อเสียของการกู้มั้ย
ข้อดีมากกว่าข้อเสียเยอะมั้ย,ข้อดีข้อเสียของการกู้มั้ย
ข้อดี,ข้อดีข้อเสียของการกู้มั้ย
ข้อเสีย,ข้อดีข้อเสียของการกู้มั้ย
ผลประโยชน์,ข้อดีข้อเสียของการกู้มั้ย
ดียังไง,ข้อดีข้อเสียของการกู้มั้ย
ไม่ดียังไง,ข้อดีข้อเสียของการกู้มั้ย
มีข้อเสียมั้ย,ข้อดีข้อเสียของการกู้มั้ย
ประโยชน์,ข้อดีข้อเสียของการกู้มั้ย
ผลดี,ข้อดีข้อเสียของการกู้มั้ย
ผลเสีย,ข้อดีข้อเสียของการกู้มั้ย
วงเงินในการกู้ยืมคืออะไร,วงเงินในการกู้ยืม
กู้แล้วได้วงเงินกี่บาท,วงเงินในการกู้ยืม
วงเงินจำกัดอยู่ที่กี่บาท,วงเงินในการกู้ยืม
เพิ่มวงเงินในการกู้ยืมได้มั้ย,วงเงินในการกู้ยืม
ถ้าค่าเทอมมากกว่าวงเงินต้องจ่ายส่วนต่างป่าว,วงเงินในการกู้ยืม
อธิบายเกี่ยวกับวงเงินในการกู้ยืมหน่อย,วงเงินในการกู้ยืม
ขอข้อมูลวงเงินที่จะได้หน่อยคะ,วงเงินในการกู้ยืม
สอบถามเรื่องวงเงินได้มั้ยครับ,วงเงินในการกู้ยืม
วงเงินในการกู้ยืมมีอะไรบ้าง,วงเงินในการกู้ยืม
วงเงินกู้ได้น้อยต้องทำไง,วงเงินในการกู้ยืม
กู้ค่าครองชีพได้มั้ย,วงเงินในการกู้ยืม
วงเงินค่าครองชีพได้กี่บาท,วงเงินในการกู้ยืม
เพิ่มวงเงินค่าครองชีพได้มั้ยครับ,วงเงินในการกู้ยืม
วงเงินกู้กยศ,วงเงินในการกู้ยืม
ได้ค่าครองชีพช้าต้องทำไง,วงเงินในการกู้ยืม
วงเงินกยศต่อคน,วงเงินในการกู้ยืม
กยศลักษณะที่2 วงเงิน,วงเงินในการกู้ยืม
ภาควิชาวิทยาการคอมพิวเตอร์ได้วงเงินเท่าไหร่,วงเงินในการกู้ยืม
วงเงินกยศ2565,วงเงินในการกู้ยืม
ค่าครองชีพต่อปีได้กี่บาท,วงเงินในการกู้ยืม
1ปีวงเงินรวมคือ70000บาทถูกต้องมั้ยของภาควิชาวิทยาการคอมพิวเตอร์,วงเงินในการกู้ยืม
วงเงิน,วงเงินในการกู้ยืม
กู้ได้เท่าไหร่,วงเงินในการกู้ยืม
ได้เงินเท่าไหร่,วงเงินในการกู้ยืม
จำนวนเงิน,วงเงินในการกู้ยืม
ได้เงินกี่บาท,วงเงินในการกู้ยืม
เงินกู้ได้เยอะมั้ย,วงเงินในการกู้ยืม
งบเงินหล่ะ,วงเงินในการกู้ยืม
วงเงินการกู้,วงเงินในการกู้ยืม
ปริมาณเงิน,วงเงินในการกู้ยืม
สอบถามเรื่องขั้นตอนการกู้ยืม,ขั้นตอนการกู้ยืม
ปรึกษาขั้นตอนการกู้ยืมหน่อยครับ,ขั้นตอนการกู้ยืม
จะกู้กยศต้องทำอะไรบ้าง,ขั้นตอนการกู้ยืม
อยากรู้ขั้นตอนการกู้ยืมว่ามีอะไรบ้าง,ขั้นตอนการกู้ยืม
กู้ยากมั้ยต้องใช้เอกสารอะไรบ้าง,ขั้นตอนการกู้ยืม
การเตรียมการให้กู้ยืมมีไรบ้าง,ขั้นตอนการกู้ยืม
ขั้นตอนการกูเยอะมั้ย,ขั้นตอนการกู้ยืม
กู้ยืมใช้เวลานานป่าว,ขั้นตอนการกู้ยืม
ภาคเรียนที่2ต้องกู้แบบเดิมมั้ย,ขั้นตอนการกู้ยืม
กู้ยืมแค่ครั้งเดียวเลยไหมหรือต้องกู้ยืมทุกเทอม,ขั้นตอนการกู้ยืม
อนุมัติคำขอกู้ยืมยากมั้ย,ขั้นตอนการกู้ยืม
DSLเกี่ยวอะไรกับการกู้ยืม,ขั้นตอนการกู้ยืม
การกู้ยืมยุ่งยากมั้ย,ขั้นตอนการกู้ยืม
ส่งสัญญากู้ตอนไหน,ขั้นตอนการกู้ยืม
ข้ามขั้นตอนการกู้ยืมได้ป่าว,ขั้นตอนการกู้ยืม
การรายงานสถานภาพการศึกษาต้องทำไหม,ขั้นตอนการกู้ยืม
วิธีกู้กยศต้องทำไง,ขั้นตอนการกู้ยืม
ต้องใช้เอกสารอะไรบ้างในการกู้กยศ,ขั้นตอนการกู้ยืม
พอจะรู้ตอนตอนการกู้ยืมกยศมั้ย,ขั้นตอนการกู้ยืม
ขั้นตอน,ขั้นตอนการกู้ยืม
ทำยังไงบ้าง,ขั้นตอนการกู้ยืม
ทำยังไง,ขั้นตอนการกู้ยืม
ยุ่งยากมั้ย,ขั้นตอนการกู้ยืม
วิธีการกู้,ขั้นตอนการกู้ยืม
ต้องทำยังไง,ขั้นตอนการกู้ยืม
จะกูู้ได้ยังไง,ขั้นตอนการกู้ยืม
ต้องทำอะไรบ้าง,ขั้นตอนการกู้ยืม
ขั้นตอนเยอะไหม,ขั้นตอนการกู้ยืม
อธิบายหน่อยว่าต้องทำอะไรบ้างถึงจะกู้ยืมได้,ขั้นตอนการกู้ยืม
ลงทะเบียนกู้ยืมตอนไหนครับ,ขั้นตอนการกู้ยืม
อะไรคือชั่วโมงจิตอาสา,ชั่วโมงจิตอาสา
สอบถามเรื่องชั่วโมงจิตอาสาหน่อย,ชั่วโมงจิตอาสา
ปรึกษาเกี่ยวกับชั่วโมงจิตอาสาได้ป่าว,ชั่วโมงจิตอาสา
ขอข้อมูลชั่วโมงจิตอาสาได้ไหมคะ,ชั่วโมงจิตอาสา
ชั่วโมงจิตอาสามีอะไรบ้างอยากรู้,ชั่วโมงจิตอาสา
เป็นผู้กู้ยืมเงินรายใหม่ ต้องใช้ชั่วโมงจิตอาสากี่ชั่วโมง,ชั่วโมงจิตอาสา
ผู้กู้ยืมเงินรายเก่าเปลี่ยนระดับการศึกษา ต้องใช้ชั่วโมงจิตอาสากี่ชั่วโมง,ชั่วโมงจิตอาสา
ผู้กู้ยืมเงินรายเก่าเลื่อนชั้นปีทุกระดับการศึกษา ต้องใช้ชั่วโมงจิตอาสาไหม,ชั่วโมงจิตอาสา
มีชั่วโมงจิตอาสาแนะนำมั้ย,ชั่วโมงจิตอาสา
อยากได้ชั่วโมงจิตอาสาจัง,ชั่วโมงจิตอาสา
เรียน e-Learningได้ชั่วโมงจิตอาสาไหม,ชั่วโมงจิตอาสา
ต้องจดบันทึกชั่วโมงจิตอาสาใช่ป่าว,ชั่วโมงจิตอาสา
เรากู้เเล้วต้องทำอะไรอีกมั้ย,ชั่วโมงจิตอาสา
ต้องทำอะไรระหว่างกู้หรือเปล่า,ชั่วโมงจิตอาสา
การกู้ยืมเเล้วต้องทำกิจกรรมหรือไม่,ชั่วโมงจิตอาสา
จะหาชั่วโมงกิจกรรมได้จากไหน,ชั่วโมงจิตอาสา
ทำชั่วโมงกิจกรรมเพราะอะไร,ชั่วโมงจิตอาสา
เเนวทางการเก็บชั่วโมงกิจกรรม,ชั่วโมงจิตอาสา
ชม. กิจกรรมสำคัญมั้ย,ชั่วโมงจิตอาสา
เราต้องทำชั่วโมงกิจกรรมกี่ชั่วโมง,ชั่วโมงจิตอาสา
เเล้วชั่วโมงกิจกรรมทำตอนไหนบ้าง,ชั่วโมงจิตอาสา
ชั่วโมงกิจกรรม,ชั่วโมงจิตอาสา
จิตอาสา,ชั่วโมงจิตอาสา
เก็บชั่วโมง,ชั่วโมงจิตอาสา
ระหว่างกู้ต้องทำอะไรมั้ย,ชั่วโมงจิตอาสา
กู้แล้วต้องทำอะไรมั้ย,ชั่วโมงจิตอาสา
ชั่วโมงอาสา,ชั่วโมงจิตอาสา
หาชั่วโมงยังไง,ชั่วโมงจิตอาสา
ชั่วโมง,ชั่วโมงจิตอาสา
กิจกรรมเก็บชั่วโมง,ชั่วโมงจิตอาสา
หลังจบการศึกษาเเล้วต้องจ่ายเงินยังไง,วีธีการชำระเงิน
วิธีการผ่อนชำระ,วีธีการชำระเงิน
การใช้หนี้สิน,วีธีการชำระเงิน
ต้องจ่ายเงินคืนยังไงหรอ,วีธีการชำระเงิน
การชำระเงินเมื่อจบเรียนเเล้ว,วีธีการชำระเงิน
คืนเงินเมื่อไหร่ยังไง,วีธีการชำระเงิน
ชำระเงินเป็นงวดหรอ,วีธีการชำระเงิน
จะจ่ายเงินได้ทางไหน,วีธีการชำระเงิน
เมื่อเรียนจบเเล้วจะจ่ายได้ยังไง,วีธีการชำระเงิน
เราต้องคืนเงินเมื่อไหร่,วีธีการชำระเงิน
เรากู้มาเเล้วคืนเงินยังไง,วีธีการชำระเงิน
เรียนจบเเล้วเริ่มจ่ายเงินวันไหน,วีธีการชำระเงิน
ธนาคารที่ต้องจ่ายเงิน,วีธีการชำระเงิน
ชำระเงินอย่างไรบ้าง,วีธีการชำระเงิน
จ่ายเป็นเงินสดหรือที่ไหน,วีธีการชำระเงิน
การชำระเงินหลังเรียนจบ,วีธีการชำระเงิน
ถ้าออกกลางคันจะชำระเงินอย่างไร,วีธีการชำระเงิน
ถ้าออกจากการเรียนต้องจ่ายยังไง,วีธีการชำระเงิน
ออกกลางภาคเรียนจ่ายเเบบไหน,วีธีการชำระเงิน
ลาออกจ่ายเงินยังไง,วีธีการชำระเงิน
สามารถชำระทีเดียวได้มั้ย,วีธีการชำระเงิน
จ่ายเงิน,วีธีการชำระเงิน
หลังจบเรียน,วีธีการชำระเงิน
ชำระเงิน,วีธีการชำระเงิน
จ่ายหนี้,วีธีการชำระเงิน
วิธีจ่ายเงิน,วีธีการชำระเงิน
ชำระเงินยังไง,วีธีการชำระเงิน
จ่ายเงิน,วีธีการชำระเงิน
ชำระหนี้,วีธีการชำระเงิน
ชำระยังไง,วีธีการชำระเงิน
ชำระหนี้ช้าได้มั้ย,กรณีผิดข้อสัญญา
ชำระหนี้2เดือนเลยได้ป่าว,กรณีผิดข้อสัญญา
เงินไม่พอชำระหนี้ทำไงดี,กรณีผิดข้อสัญญา
ถูกฟ้องเพราะชำระหนี้ช้ามีทางออกไหม,กรณีผิดข้อสัญญา
ลืมชำระหนี้ไป1เดือนเป็นไรมั้ย,กรณีผิดข้อสัญญา
ไม่ชำระหนี้จะโดยฟ้องมั้ย,กรณีผิดข้อสัญญา
ชำระหนี้ปิดบัญชี พร้อมค่าทนายหลังขึ้นศาลจะโดนจับไหม,กรณีผิดข้อสัญญา
ยืมประสงค์ให้ถอนฟ้องได้ป่าว,กรณีผิดข้อสัญญา
ไม่สามารถชำระหนี้เพื่อถอนฟ้องได้ต้องทำไง,กรณีผิดข้อสัญญา
สามารถเจรจาไกล่เกลี่ยประนีประนอมยอมความในชั้นศาลได้ไหม,กรณีผิดข้อสัญญา
ศาลจะสั่งพิพากษาชำระหนี้ทั้งจำนวน ต้องใช้เวลากี่วันในการชำระหนี้ทั้งหมด,กรณีผิดข้อสัญญา
ถ้าผู้กู้เสียชีวิตแล้วหนี้จะเป็นยังไง,กรณีผิดข้อสัญญา
ถ้าผู้กู้เป็นบุคคลสาบสูญผู้คำต้องชำระหนี้แทนมั้ย,กรณีผิดข้อสัญญา
แกล้งตายเพื่อให้ระงับหนี้ แล้วโดนจับได้จะติดคุกมั้ย,กรณีผิดข้อสัญญา
ผิดข้อสัญญาคืออะไร,กรณีผิดข้อสัญญา
กรณีผิดข้อสัญญามันมีอะไรบ้าง,กรณีผิดข้อสัญญา
ผิดข้อสัญญาเป็นยังไง,กรณีผิดข้อสัญญา
ขอรายละเอียดเกี่ยวกับการผิดข้อสัญญาหน่อย เหมือนจะโดนฟ้อง,กรณีผิดข้อสัญญา
สอบถามเรื่องกรณีผิดข้อสัญญาหน่อยคะ,กรณีผิดข้อสัญญา
หากยังไม่ชำระหนี้ตามคำพิพากษา จะโดยยึดทรัพย์สินมั้ย,กรณีผิดข้อสัญญา
เมื่อศาลมีหมายนัด แล้วไม่ไปจะโดยยึดทรัพย์เลยป่าว,กรณีผิดข้อสัญญา
ถ้าไม่ชำระเงิน,กรณีผิดข้อสัญญา
ไม่จ่ายเงิน,กรณีผิดข้อสัญญา
ผิดสัญญา,กรณีผิดข้อสัญญา
ผิดข้อตกลง,กรณีผิดข้อสัญญา
ไม่มีเงินจ่าย,กรณีผิดข้อสัญญา
ไม่มีเงินชำระ,กรณีผิดข้อสัญญา
ไม่ชำระหนี้,กรณีผิดข้อสัญญา
ถ้าไม่จ่ายหล่ะ,กรณีผิดข้อสัญญา
มีเเต่ไม่จ่าย,กรณีผิดข้อสัญญา
ความเเตกต่างการกู้ยืม,ความเเตกต่างของกรอกับกยศ
ความเเตกต่าง,ความเเตกต่างของกรอกับกยศ
ความต่างการกู้ยืม,ความเเตกต่างของกรอกับกยศ
ต่างกันยังไง,ความเเตกต่างของกรอกับกยศ
กรอกับกยศต่างกันอย่างไร,ความเเตกต่างของกรอกับกยศ
ความเเตกต่างกยศกรอ,ความเเตกต่างของกรอกับกยศ
มันเหมือนกันมั้ย,ความเเตกต่างของกรอกับกยศ
ไม่เหมือนกันตรงไหน,ความเเตกต่างของกรอกับกยศ
เเตกต่างเพราะอะไร,ความเเตกต่างของกรอกับกยศ
ทำไมต้องมีความเเตกต่าง,ความเเตกต่างของกรอกับกยศ
ต่างยังไง,ความเเตกต่างของกรอกับกยศ
ต่างเพราะอะไร,ความเเตกต่างของกรอกับกยศ
เหมือนกันมั้ย,ความเเตกต่างของกรอกับกยศ
อยากรู้ความเเตกต่าง,ความเเตกต่างของกรอกับกยศ
กรอกับกยศ ,ความเเตกต่างของกรอกับกยศ
กู้ต่างกันมั้ย,ความเเตกต่างของกรอกับกยศ
กรอต่างกับกยศมั้ย,ความเเตกต่างของกรอกับกยศ
ความเเตกต่างกรอกับกยศ,ความเเตกต่างของกรอกับกยศ
กรอกับกยศเหมือนกันหรอ,ความเเตกต่างของกรอกับกยศ
เเล้วมันต่างกันยังไง,ความเเตกต่างของกรอกับกยศ
เเล้วอันไหนดีกว่ากัน,ความเเตกต่างของกรอกับกยศ
แตกต่าง,ความเเตกต่างของกรอกับกยศ
เหมือนกันหรอ,ความเเตกต่างของกรอกับกยศ
กรอกับกยศ,ความเเตกต่างของกรอกับกยศ
ต่างเพราะ,ความเเตกต่างของกรอกับกยศ
ต่างยังไง,ความเเตกต่างของกรอกับกยศ
ต่างกันหรอ,ความเเตกต่างของกรอกับกยศ
เพราะอะไรถึงเเตกต่าง,ความเเตกต่างของกรอกับกยศ
แตกต่างยังไง,ความเเตกต่างของกรอกับกยศ
ต่างแบบไหน,ความเเตกต่างของกรอกับกยศ
จะติดต่อได้ทางไหน,ช่องทางการติดต่อ
ติดต่อยังไง,ช่องทางการติดต่อ
ติดตามข่าวสารได้ที่ไหน,ช่องทางการติดต่อ
ช่องทางการติดต่อ,ช่องทางการติดต่อ
ติดต่อ,ช่องทางการติดต่อ
มีเว็บไหม,ช่องทางการติดต่อ
เว็บหลักมีมั้ย,ช่องทางการติดต่อ
ขอช่องทางติดตามหน่อย,ช่องทางการติดต่อ
จะติดต่อได้ยังไง,ช่องทางการติดต่อ
ติดต่อทางไหนได้บ้าง,ช่องทางการติดต่อ
ตามข่าวสารได้ยังไง,ช่องทางการติดต่อ
การติดต่อ,ช่องทางการติดต่อ
ขอเบอร์ติดต่อหน่อย,ช่องทางการติดต่อ
เบอร์ติดต่อมีมั้ย,ช่องทางการติดต่อ
เว็บติดต่อมีหรือเปล่า,ช่องทางการติดต่อ
ติดต่อทางไหน,ช่องทางการติดต่อ
จะติดต่อได้ยังไง,ช่องทางการติดต่อ
ติดต่อยากมั้ย,ช่องทางการติดต่อ
จะติดต่อทำยังไง,ช่องทางการติดต่อ
สอบถามได้ทางไหน,ช่องทางการติดต่อ
สอบถาม,ช่องทางการติดต่อ
ช่องทางการสอบถาม,ช่องทางการติดต่อ
สอบถามโดยตรงยังไง,ช่องทางการติดต่อ
อีเมลมีมั้ย,ช่องทางการติดต่อ
มีอีเมลล์ติดต่อหรือเปล่า,ช่องทางการติดต่อ
ช่องทางการติดต่อมีอะไรบ้าง,ช่องทางการติดต่อ
มีอีเมลล์หรือเบอร์,ช่องทางการติดต่อ
อยากได้อีเมลล์,ช่องทางการติดต่อ
อยากได้เบอร์ติดต่อ,ช่องทางการติดต่อ
เบอร์โทร,ช่องทางการติดต่อ